epoch,time,train/box_loss,train/cls_loss,train/dfl_loss,metrics/precision(B),metrics/recall(B),metrics/mAP50(B),metrics/mAP50-95(B),val/box_loss,val/cls_loss,val/dfl_loss,lr/pg0,lr/pg1,lr/pg2
1,4.90472,1.45883,4.97877,1.28784,0.00333,1,0.96202,0.79088,0.73353,3.93767,1.03037,8.00E-05,8.00E-05,8.00E-05
2,8.77268,1.57797,5.02643,1.30564,0.00333,1,0.995,0.79102,0.76874,3.92356,1.00652,0.000179406,0.000179406,0.000179406
3,12.7267,1.02335,3.07423,1.08161,0.00333,1,0.96891,0.75833,0.81318,3.83168,1.00997,0.000278152,0.000278152,0.000278152
4,16.6125,0.82336,2.66244,0.96166,0.00333,1,0.995,0.76434,0.83367,3.79517,0.97356,0.000376238,0.000376238,0.000376238
5,20.7891,0.81118,2.67528,0.99921,0.00333,1,0.99045,0.80511,0.78513,3.83729,0.98815,0.000473664,0.000473664,0.000473664
6,24.8921,0.85707,2.45227,0.99513,0.00333,1,0.95735,0.66123,0.97189,4.10287,1.06373,0.00057043,0.00057043,0.00057043
7,28.8808,0.78282,2.112,0.93521,0.00333,1,0.9825,0.80532,0.73171,3.88585,1.00946,0.000666536,0.000666536,0.000666536
8,32.8076,0.72836,2.28784,0.94732,0.00333,1,0.54964,0.37723,1.22372,4.7891,1.23551,0.000761982,0.000761982,0.000761982
9,36.7798,0.79391,2.18587,0.94707,1,0.55483,0.94043,0.72418,0.96176,3.76804,1.12449,0.000856768,0.000856768,0.000856768
10,40.7676,0.81352,1.93803,0.95527,0.88184,0.85,0.85371,0.45519,1.21956,3.7416,1.27157,0.000950894,0.000950894,0.000950894
11,44.8164,0.76239,1.95306,0.93931,1,0.89239,0.94268,0.6771,0.97135,3.33948,1.07234,0.00104436,0.00104436,0.00104436
12,48.7903,0.78266,1.91238,0.95252,0.79198,0.76191,0.86031,0.59951,1.09435,2.93602,1.18863,0.00113717,0.00113717,0.00113717
13,52.5121,0.81903,1.7963,0.98578,0.69362,0.6,0.69977,0.47352,1.34836,3.51629,1.33053,0.00122931,0.00122931,0.00122931
14,56.4205,0.73216,1.71808,0.9391,0.13747,0.25,0.05035,0.01428,2.12723,5.97944,2.62496,0.0013208,0.0013208,0.0013208
15,60.4025,0.79338,1.7473,0.95169,0.89523,0.9,0.9663,0.65578,1.19141,1.93755,1.18397,0.00141162,0.00141162,0.00141162
16,64.2822,0.7673,2.07588,0.9802,0.84894,0.85,0.88169,0.58261,1.20522,1.78216,1.1828,0.00150179,0.00150179,0.00150179
17,68.1922,0.76826,1.66059,0.94604,1,0.94617,0.99262,0.7281,0.99148,1.35182,1.08621,0.0015913,0.0015913,0.0015913
18,72.1486,0.72865,1.55556,0.94523,0.80194,0.85,0.85729,0.61772,0.95894,1.58893,1.10156,0.00168014,0.00168014,0.00168014
19,75.8809,0.76303,1.48482,0.95445,0.86205,0.93779,0.93414,0.64997,1.06662,1.5642,1.19201,0.00176833,0.00176833,0.00176833
20,79.7131,0.71751,1.55447,0.93223,0.90067,0.95,0.95817,0.73859,0.93846,1.00851,1.09059,0.00185585,0.00185585,0.00185585
21,83.3183,0.69747,1.40172,0.93171,0.82186,0.95,0.95016,0.68829,1.01222,1.16951,1.05948,0.001868,0.001868,0.001868
22,87.1237,0.74273,1.40832,0.93141,0.78195,0.95,0.93452,0.66443,0.92708,1.4838,1.05648,0.0018614,0.0018614,0.0018614
23,90.9945,0.70331,1.41019,0.94479,0.74584,0.85,0.8853,0.48258,1.24725,2.58671,1.18106,0.0018548,0.0018548,0.0018548
24,95.0036,0.65738,1.34572,0.9155,0.86856,0.95,0.9412,0.72647,0.87177,1.05125,1.07544,0.0018482,0.0018482,0.0018482
25,98.8177,0.70121,1.35209,0.94644,0.75904,0.94519,0.89155,0.67463,0.82275,1.20204,1.07355,0.0018416,0.0018416,0.0018416
26,102.504,0.7067,1.23275,0.9155,0.93941,0.95,0.94749,0.73924,0.86141,1.01725,1.09593,0.001835,0.001835,0.001835
27,106.26,0.75683,1.19764,0.93663,0.73846,0.95,0.83625,0.54949,1.00666,1.17741,1.16307,0.0018284,0.0018284,0.0018284
28,110.058,0.66916,1.05954,0.91083,0.38707,0.75,0.64584,0.30488,1.17046,2.11892,1.28531,0.0018218,0.0018218,0.0018218
29,113.689,0.62281,1.09208,0.88226,0.55507,0.68656,0.61685,0.34847,1.14562,2.13561,1.29633,0.0018152,0.0018152,0.0018152
30,117.29,0.68318,1.09226,0.90278,0.76919,0.55,0.63772,0.37827,1.3936,2.55571,1.53791,0.0018086,0.0018086,0.0018086
31,120.974,0.68622,1.10892,0.92982,0.68056,0.32084,0.5927,0.42516,1.18812,2.88018,1.44416,0.001802,0.001802,0.001802
32,124.876,0.69723,1.00289,0.91916,0.69005,0.9,0.75809,0.6192,0.80564,1.15243,1.06099,0.0017954,0.0017954,0.0017954
33,128.582,0.67101,1.02321,0.9065,0.7826,1,0.93875,0.72321,0.86071,0.81675,1.05832,0.0017888,0.0017888,0.0017888
34,132.426,0.7034,0.95942,0.91449,0.7575,1,0.92481,0.78157,0.83037,0.96558,1.02038,0.0017822,0.0017822,0.0017822
35,136.156,0.71804,0.99047,0.93079,0.85641,1,0.95063,0.78299,0.678,0.82741,0.97939,0.0017756,0.0017756,0.0017756
36,140.062,0.72536,0.97835,0.96438,0.83036,0.97949,0.94167,0.73586,0.79655,0.84997,1.01445,0.001769,0.001769,0.001769
37,143.952,0.71264,1.03695,0.90935,0.64274,0.75,0.73354,0.58181,0.9199,1.17545,1.08734,0.0017624,0.0017624,0.0017624
38,147.609,0.69813,0.93931,0.92792,0.61847,0.973,0.81301,0.65914,0.88062,1.13564,1.09163,0.0017558,0.0017558,0.0017558
39,151.29,0.68021,0.93688,0.91611,0.93293,0.85,0.92833,0.71441,0.88027,1.00972,1.10466,0.0017492,0.0017492,0.0017492
40,155.014,0.6605,0.88177,0.90616,0.99244,1,0.995,0.73677,0.96341,0.715,1.09235,0.0017426,0.0017426,0.0017426
41,158.689,0.66455,0.83942,0.94236,0.94802,1,0.99262,0.77983,0.83707,0.66607,1.0382,0.001736,0.001736,0.001736
42,162.444,0.61573,0.80938,0.90815,1,0.98629,0.995,0.84874,0.71472,0.65917,1.01611,0.0017294,0.0017294,0.0017294
43,166.109,0.6623,0.84746,0.93947,0.95211,1,0.96405,0.81881,0.7066,0.80883,1.03025,0.0017228,0.0017228,0.0017228
44,169.974,0.68806,0.80451,0.96614,0.94532,0.95,0.94174,0.75456,0.86519,1.00767,1.09187,0.0017162,0.0017162,0.0017162
45,173.751,0.67941,0.82431,0.9295,0.94762,0.95,0.93413,0.76021,0.76067,0.77971,1.00173,0.0017096,0.0017096,0.0017096
46,177.449,0.60261,0.77489,0.90512,0.94765,0.95,0.97295,0.8056,0.73073,0.69629,0.98708,0.001703,0.001703,0.001703
47,181.364,0.68391,0.76651,0.93913,0.95226,0.99736,0.99024,0.79334,0.79342,0.73363,1.02888,0.0016964,0.0016964,0.0016964
48,185.195,0.63762,0.74198,0.93485,0.94739,0.95,0.96417,0.80067,0.7376,0.71471,0.96983,0.0016898,0.0016898,0.0016898
49,188.842,0.61282,0.68361,0.90162,0.94567,0.95,0.95125,0.80735,0.69425,0.74631,0.96253,0.0016832,0.0016832,0.0016832
50,192.45,0.58222,0.72955,0.88413,0.94504,0.95,0.91538,0.77586,0.70505,0.62397,0.96313,0.0016766,0.0016766,0.0016766
51,196.355,0.59555,0.65788,0.88892,0.94625,0.95,0.93674,0.80006,0.65945,0.60618,0.9527,0.00167,0.00167,0.00167
52,200.122,0.61866,0.66427,0.89711,0.94581,0.95,0.95699,0.79437,0.73097,0.534,0.97914,0.0016634,0.0016634,0.0016634
53,203.74,0.54159,0.62008,0.86264,0.94482,0.95,0.9426,0.77153,0.80718,0.59134,1.03308,0.0016568,0.0016568,0.0016568
54,207.498,0.60366,0.63636,0.93253,0.94659,0.95,0.94278,0.72619,0.83858,0.58414,1.01022,0.0016502,0.0016502,0.0016502
55,211.082,0.61529,0.6421,0.90843,0.94627,0.95,0.98598,0.76116,0.8859,0.59893,1.02162,0.0016436,0.0016436,0.0016436
56,214.939,0.58707,0.61045,0.88906,0.99397,0.95,0.98204,0.8058,0.69719,0.56885,0.97089,0.001637,0.001637,0.001637
57,218.596,0.56936,0.61377,0.89215,0.94668,0.95,0.97833,0.82507,0.7241,0.57532,0.97286,0.0016304,0.0016304,0.0016304
58,222.284,0.62034,0.63971,0.91336,0.94657,0.95,0.96107,0.78865,0.71424,0.58598,0.96805,0.0016238,0.0016238,0.0016238
59,226.061,0.60497,0.60315,0.91101,0.94687,0.95,0.9252,0.76297,0.83285,0.62928,1.01876,0.0016172,0.0016172,0.0016172
60,230.466,0.60106,0.59013,0.90287,0.95224,0.99705,0.9831,0.79047,0.7876,0.51014,0.99974,0.0016106,0.0016106,0.0016106
61,234.134,0.5791,0.54661,0.87886,0.95224,0.99712,0.98548,0.80061,0.76514,0.50065,0.99827,0.001604,0.001604,0.001604
62,238.424,0.63086,0.64358,0.90986,0.94728,0.95,0.975,0.77169,0.75909,0.55178,1.00909,0.0015974,0.0015974,0.0015974
63,242.121,0.5822,0.58557,0.89741,0.94707,0.95,0.93765,0.77991,0.73012,0.50766,1.01476,0.0015908,0.0015908,0.0015908
64,245.88,0.59327,0.56656,0.92075,0.94737,0.95,0.97321,0.80116,0.70867,0.52181,0.96921,0.0015842,0.0015842,0.0015842
65,249.679,0.57941,0.55941,0.91589,0.94795,0.95,0.98071,0.79661,0.70599,0.51071,0.96409,0.0015776,0.0015776,0.0015776
66,253.257,0.6365,0.58161,0.91339,0.94742,0.95,0.9675,0.81235,0.66297,0.54473,0.97064,0.001571,0.001571,0.001571
67,256.92,0.67599,0.58988,0.93171,0.9477,0.95,0.97948,0.81851,0.62899,0.5467,0.95965,0.0015644,0.0015644,0.0015644
68,260.71,0.59702,0.58422,0.90328,0.9523,0.99836,0.99262,0.82426,0.72553,0.48053,0.98254,0.0015578,0.0015578,0.0015578
69,264.333,0.61372,0.56194,0.90049,0.95226,0.99754,0.99262,0.86664,0.60387,0.46902,0.94781,0.0015512,0.0015512,0.0015512
70,268.082,0.60654,0.58444,0.88951,0.95234,0.99922,0.99262,0.86785,0.58545,0.45388,0.95079,0.0015446,0.0015446,0.0015446
71,271.735,0.63878,0.54983,0.90966,0.95232,0.99865,0.99262,0.82015,0.60976,0.45005,0.95317,0.001538,0.001538,0.001538
72,275.507,0.57675,0.54056,0.90676,0.99763,1,0.995,0.80295,0.69387,0.48727,0.96806,0.0015314,0.0015314,0.0015314
73,279.143,0.5897,0.62085,0.9254,0.99584,1,0.995,0.79637,0.77109,0.49514,0.9873,0.0015248,0.0015248,0.0015248
74,282.833,0.64117,0.62516,0.93687,0.95219,0.9959,0.99262,0.81097,0.76298,0.54493,0.97636,0.0015182,0.0015182,0.0015182
75,286.538,0.63524,0.56883,0.91826,0.94883,0.95,0.99045,0.84837,0.69016,0.5257,0.95367,0.0015116,0.0015116,0.0015116
76,290.338,0.65552,0.57994,0.94051,0.95229,0.99812,0.99262,0.84772,0.69367,0.4774,0.96722,0.001505,0.001505,0.001505
77,293.978,0.58857,0.56033,0.91281,0.95227,0.99767,0.99262,0.86664,0.64063,0.48131,0.94255,0.0014984,0.0014984,0.0014984
78,297.758,0.55147,0.4991,0.89226,0.95062,1,0.99262,0.87309,0.58517,0.45026,0.92721,0.0014918,0.0014918,0.0014918
79,301.4,0.58,0.50978,0.9014,0.94954,1,0.99262,0.87789,0.59857,0.42928,0.928,0.0014852,0.0014852,0.0014852
80,306.069,0.56394,0.47446,0.88101,0.95216,0.99538,0.99262,0.83189,0.64845,0.48649,0.94141,0.0014786,0.0014786,0.0014786
81,309.663,0.59676,0.4951,0.88625,0.95027,1,0.99262,0.85887,0.60591,0.47772,0.94053,0.001472,0.001472,0.001472
82,313.304,0.60231,0.55441,0.90102,0.94958,1,0.99262,0.88423,0.55804,0.4377,0.92869,0.0014654,0.0014654,0.0014654
83,316.943,0.56805,0.51792,0.89344,0.95068,1,0.98548,0.85487,0.59746,0.46448,0.92725,0.0014588,0.0014588,0.0014588
84,320.773,0.53995,0.47426,0.87809,0.95226,0.99746,0.98548,0.80794,0.69766,0.49322,0.94129,0.0014522,0.0014522,0.0014522
85,324.45,0.55686,0.48557,0.87767,0.95227,0.99769,0.98071,0.80328,0.70162,0.5228,0.94035,0.0014456,0.0014456,0.0014456
86,328.037,0.56934,0.51264,0.89391,0.95229,0.99817,0.98071,0.82211,0.65696,0.49749,0.93677,0.001439,0.001439,0.001439
87,331.613,0.54392,0.46425,0.87339,0.95235,0.9993,0.98071,0.82878,0.65467,0.46765,0.94761,0.0014324,0.0014324,0.0014324
88,335.356,0.54116,0.47844,0.88141,0.95231,0.99857,0.9831,0.84728,0.65002,0.46079,0.96334,0.0014258,0.0014258,0.0014258
89,339.003,0.56667,0.47211,0.87936,0.94988,1,0.99262,0.84471,0.68327,0.46009,0.98416,0.0014192,0.0014192,0.0014192
90,342.671,0.61278,0.54104,0.95526,0.94965,1,0.99262,0.86288,0.65031,0.44996,0.97794,0.0014126,0.0014126,0.0014126
91,346.333,0.59183,0.47135,0.92299,0.94978,1,0.99262,0.84972,0.64328,0.41767,0.98037,0.001406,0.001406,0.001406
92,350.163,0.5106,0.43656,0.88393,0.95225,0.99719,0.9831,0.84963,0.6177,0.42458,0.95934,0.0013994,0.0013994,0.0013994
93,353.821,0.52885,0.4436,0.8666,0.95228,0.99778,0.97833,0.85407,0.59985,0.43223,0.9478,0.0013928,0.0013928,0.0013928
94,357.453,0.5544,0.45544,0.88624,0.95049,1,0.97833,0.84471,0.59599,0.43704,0.95578,0.0013862,0.0013862,0.0013862
95,361.134,0.59895,0.47043,0.90345,0.95029,1,0.97357,0.83937,0.64511,0.4244,0.97046,0.0013796,0.0013796,0.0013796
96,364.804,0.54105,0.45874,0.90133,0.94742,0.95,0.94545,0.79227,0.73747,0.49339,0.97776,0.001373,0.001373,0.001373
97,368.37,0.5408,0.5118,0.86614,0.94723,0.95,0.90237,0.77167,0.78137,0.49231,1.02676,0.0013664,0.0013664,0.0013664
98,372.11,0.57972,0.49693,0.89653,0.94703,0.95,0.91067,0.78904,0.71673,0.42388,1.01479,0.0013598,0.0013598,0.0013598
99,375.814,0.52414,0.4552,0.88978,0.94683,0.95,0.92013,0.78479,0.70041,0.49226,1.0075,0.0013532,0.0013532,0.0013532
100,379.601,0.59387,0.46979,0.92609,0.94655,0.95,0.98417,0.81168,0.69549,0.48882,0.99379,0.0013466,0.0013466,0.0013466
101,383.236,0.58805,0.47723,0.90259,0.94847,0.95,0.985,0.81006,0.69609,0.46661,0.97488,0.00134,0.00134,0.00134
102,386.848,0.52906,0.46861,0.88577,0.9477,0.95,0.94693,0.79895,0.69774,0.4687,0.96706,0.0013334,0.0013334,0.0013334
103,390.898,0.57579,0.45475,0.92217,0.94789,0.95,0.94611,0.81568,0.64887,0.46448,0.95418,0.0013268,0.0013268,0.0013268
104,394.622,0.55657,0.49384,0.90333,0.94947,0.95,0.94879,0.85715,0.60108,0.4639,0.9416,0.0013202,0.0013202,0.0013202
105,398.307,0.58294,0.46737,0.92232,0.94931,0.95,0.94665,0.85502,0.62494,0.51078,0.94992,0.0013136,0.0013136,0.0013136
106,402.076,0.60686,0.47753,0.9345,0.94795,0.95,0.94665,0.84795,0.63607,0.49282,0.94613,0.001307,0.001307,0.001307
107,405.692,0.53723,0.45043,0.89838,0.95226,0.99747,0.99024,0.85078,0.62562,0.44637,0.94602,0.0013004,0.0013004,0.0013004
108,409.441,0.50272,0.45937,0.87057,0.95234,0.99907,0.99262,0.88351,0.58672,0.43818,0.93882,0.0012938,0.0012938,0.0012938
109,413.006,0.53597,0.43515,0.87451,0.95228,0.99792,0.99262,0.87281,0.60581,0.45763,0.93948,0.0012872,0.0012872,0.0012872
110,416.59,0.5266,0.42639,0.88773,0.95226,0.99751,0.99024,0.84529,0.63647,0.46771,0.94463,0.0012806,0.0012806,0.0012806
111,420.241,0.51896,0.47452,0.86447,0.95226,0.99736,0.99024,0.85128,0.62505,0.45974,0.9451,0.001274,0.001274,0.001274
112,423.981,0.53525,0.43209,0.86194,0.94743,0.95,0.9539,0.83262,0.62335,0.51021,0.94669,0.0012674,0.0012674,0.0012674
113,427.636,0.51451,0.40753,0.87756,0.94729,0.95,0.98795,0.85728,0.59428,0.4602,0.93085,0.0012608,0.0012608,0.0012608
114,431.251,0.55567,0.47491,0.89853,0.95095,1,0.99262,0.86632,0.59625,0.40896,0.92957,0.0012542,0.0012542,0.0012542
115,434.83,0.55636,0.45113,0.9066,0.9958,1,0.995,0.88597,0.59974,0.39208,0.92277,0.0012476,0.0012476,0.0012476
116,438.698,0.5769,0.44884,0.89562,1,0.99398,0.995,0.89046,0.57087,0.4057,0.9211,0.001241,0.001241,0.001241
117,442.279,0.47812,0.4163,0.86236,0.9518,1,0.99262,0.87476,0.56556,0.39244,0.92898,0.0012344,0.0012344,0.0012344
118,446.285,0.51007,0.42999,0.87764,0.95226,0.99741,0.98786,0.86938,0.56401,0.39413,0.93415,0.0012278,0.0012278,0.0012278
119,449.902,0.52058,0.40199,0.89041,0.94744,0.95,0.95878,0.84389,0.5741,0.42577,0.93745,0.0012212,0.0012212,0.0012212
120,454.426,0.53891,0.42088,0.87652,0.94732,0.95,0.91666,0.81989,0.65122,0.42399,0.99522,0.0012146,0.0012146,0.0012146
121,458.019,0.54807,0.42603,0.87953,0.9473,0.95,0.91322,0.80675,0.71483,0.45708,1.01701,0.001208,0.001208,0.001208
122,461.652,0.5515,0.44689,0.89605,0.94734,0.95,0.91798,0.78646,0.71156,0.47591,0.99657,0.0012014,0.0012014,0.0012014
123,465.284,0.52173,0.39022,0.86865,0.94726,0.95,0.92717,0.74632,0.71683,0.47491,0.98643,0.0011948,0.0011948,0.0011948
124,469.214,0.56381,0.41515,0.88769,0.94689,0.95,0.94881,0.78833,0.6627,0.41788,0.95961,0.0011882,0.0011882,0.0011882
125,472.776,0.55466,0.41656,0.90761,0.94662,0.95,0.95848,0.79574,0.63921,0.40067,0.95514,0.0011816,0.0011816,0.0011816
126,476.486,0.52156,0.40243,0.87874,0.94683,0.95,0.96417,0.81409,0.66276,0.41519,0.9646,0.001175,0.001175,0.001175
127,480.096,0.54747,0.3992,0.86847,0.94656,0.95,0.96917,0.8194,0.64164,0.44127,0.96237,0.0011684,0.0011684,0.0011684
128,483.81,0.57385,0.4726,0.90956,0.94733,0.95,0.91808,0.83668,0.50377,0.49242,0.92619,0.0011618,0.0011618,0.0011618
129,487.457,0.55783,0.43734,0.91347,0.94736,0.95,0.9108,0.82654,0.54819,0.47435,0.97509,0.0011552,0.0011552,0.0011552
130,491.061,0.55719,0.40579,0.90269,0.94725,0.95,0.90844,0.82436,0.58664,0.42506,0.98082,0.0011486,0.0011486,0.0011486
131,494.792,0.4782,0.40864,0.86361,0.94741,0.95,0.90942,0.81201,0.64276,0.46787,0.98457,0.001142,0.001142,0.001142
132,499.094,0.53769,0.41959,0.91014,0.95224,0.99711,0.9569,0.85767,0.58736,0.42701,0.93283,0.0011354,0.0011354,0.0011354
133,502.729,0.53052,0.41295,0.89995,0.95226,0.99738,0.98548,0.87762,0.57838,0.42734,0.92818,0.0011288,0.0011288,0.0011288
134,506.334,0.53669,0.4033,0.907,0.95225,0.99718,0.98786,0.86493,0.59237,0.42421,0.92427,0.0011222,0.0011222,0.0011222
135,509.951,0.54266,0.3983,0.87578,0.95226,0.99737,0.99024,0.8488,0.61898,0.43043,0.93161,0.0011156,0.0011156,0.0011156
136,513.73,0.52287,0.39754,0.86921,0.95225,0.99735,0.99262,0.84835,0.61451,0.4434,0.94018,0.001109,0.001109,0.001109
137,517.317,0.49932,0.40257,0.87856,0.95224,0.99702,0.99262,0.84859,0.59083,0.44613,0.93627,0.0011024,0.0011024,0.0011024
138,521.018,0.54495,0.43177,0.88977,0.94873,0.95,0.98667,0.85854,0.59545,0.44361,0.94352,0.0010958,0.0010958,0.0010958
139,524.72,0.56593,0.40705,0.9151,0.97226,0.95,0.99045,0.84549,0.6358,0.42959,0.96139,0.0010892,0.0010892,0.0010892
140,528.431,0.5235,0.40535,0.87302,0.95088,1,0.99262,0.87161,0.60012,0.36312,0.94682,0.0010826,0.0010826,0.0010826
141,531.954,0.60068,0.45133,0.90764,0.95105,1,0.99262,0.89096,0.56059,0.36294,0.93198,0.001076,0.001076,0.001076
142,535.647,0.55748,0.39076,0.86558,0.95229,0.99805,0.99262,0.878,0.568,0.38435,0.9397,0.0010694,0.0010694,0.0010694
143,539.213,0.52819,0.42709,0.88132,0.9523,0.99825,0.99262,0.87065,0.58701,0.3851,0.95066,0.0010628,0.0010628,0.0010628
144,543.015,0.53693,0.41465,0.89059,0.95,1,0.99262,0.83826,0.69129,0.40176,0.98167,0.0010562,0.0010562,0.0010562
145,546.689,0.49886,0.36605,0.88391,0.94916,1,0.99262,0.82328,0.68085,0.39341,0.96949,0.0010496,0.0010496,0.0010496
146,550.46,0.5361,0.36956,0.87023,1,0.99546,0.995,0.83256,0.63629,0.37662,0.95422,0.001043,0.001043,0.001043
147,554.781,0.49648,0.37772,0.88053,0.99627,1,0.995,0.8416,0.59765,0.38089,0.9427,0.0010364,0.0010364,0.0010364
148,558.557,0.56278,0.38848,0.90287,0.9963,1,0.995,0.84182,0.60737,0.34715,0.95966,0.0010298,0.0010298,0.0010298
149,562.091,0.53185,0.40476,0.87929,0.99639,1,0.995,0.86067,0.61561,0.34397,0.95885,0.0010232,0.0010232,0.0010232
150,565.654,0.52866,0.42393,0.88987,0.99712,1,0.995,0.85505,0.60504,0.3374,0.94184,0.0010166,0.0010166,0.0010166
151,569.279,0.51583,0.38531,0.87351,0.99582,1,0.995,0.86072,0.58827,0.32702,0.92819,0.00101,0.00101,0.00101
152,573.053,0.46549,0.37688,0.88096,0.99479,1,0.995,0.88187,0.55308,0.3068,0.92102,0.0010034,0.0010034,0.0010034
153,576.736,0.54552,0.39653,0.87988,0.99549,1,0.995,0.88413,0.57624,0.31044,0.93509,0.0009968,0.0009968,0.0009968
154,580.37,0.52591,0.37395,0.86815,0.99574,1,0.995,0.88844,0.60601,0.32157,0.95063,0.0009902,0.0009902,0.0009902
155,584.004,0.46715,0.36627,0.85258,0.99549,1,0.995,0.887,0.62304,0.33133,0.96201,0.0009836,0.0009836,0.0009836
156,587.709,0.49354,0.36308,0.87107,1,0.99966,0.995,0.85403,0.62968,0.34278,0.95842,0.000977,0.000977,0.000977
157,591.317,0.57085,0.39366,0.90739,0.94976,1,0.99262,0.86975,0.63685,0.36096,0.96252,0.0009704,0.0009704,0.0009704
158,594.968,0.51371,0.36368,0.88698,0.95212,0.9946,0.99262,0.86643,0.62837,0.39344,0.96765,0.0009638,0.0009638,0.0009638
159,598.551,0.55381,0.41111,0.90354,0.9523,0.99838,0.99262,0.8635,0.61949,0.39741,0.96865,0.0009572,0.0009572,0.0009572
160,602.244,0.51536,0.37506,0.8845,1,0.98694,0.995,0.89126,0.60582,0.36866,0.95783,0.0009506,0.0009506,0.0009506
161,605.85,0.50941,0.35951,0.8725,1,0.99062,0.995,0.88572,0.60907,0.36575,0.9539,0.000944,0.000944,0.000944
162,609.529,0.51909,0.37522,0.88603,1,0.98799,0.995,0.8798,0.62901,0.38355,0.95626,0.0009374,0.0009374,0.0009374
163,613.097,0.50074,0.38467,0.9017,0.94967,1,0.99262,0.86249,0.654,0.39177,0.95916,0.0009308,0.0009308,0.0009308
164,616.882,0.54603,0.38166,0.90395,0.95093,1,0.99262,0.87963,0.62582,0.40391,0.94777,0.0009242,0.0009242,0.0009242
165,620.513,0.46633,0.35892,0.86709,0.95236,0.99953,0.99024,0.86307,0.60303,0.41116,0.93517,0.0009176,0.0009176,0.0009176
166,624.169,0.50424,0.36558,0.86453,0.95229,0.99814,0.99024,0.88383,0.5725,0.40999,0.9223,0.000911,0.000911,0.000911
167,627.743,0.48657,0.35076,0.87522,0.94743,0.95,0.98795,0.88701,0.54663,0.43952,0.91323,0.0009044,0.0009044,0.0009044
168,631.493,0.51859,0.35637,0.88246,0.97755,0.95,0.99045,0.86042,0.59571,0.43803,0.92201,0.0008978,0.0008978,0.0008978
169,635.076,0.50881,0.39887,0.8894,0.98017,0.95,0.99045,0.86612,0.64106,0.42753,0.93597,0.0008912,0.0008912,0.0008912
170,638.604,0.47063,0.37468,0.87351,0.95227,0.99769,0.99262,0.86788,0.65207,0.37485,0.94826,0.0008846,0.0008846,0.0008846
171,642.297,0.48353,0.36362,0.88743,1,0.99316,0.995,0.87204,0.63414,0.3602,0.94863,0.000878,0.000878,0.000878
172,646.042,0.48528,0.38874,0.8892,0.99882,1,0.995,0.89866,0.57866,0.33356,0.9356,0.0008714,0.0008714,0.0008714
173,649.746,0.50095,0.36582,0.88174,0.9985,1,0.995,0.8881,0.57275,0.33127,0.93379,0.0008648,0.0008648,0.0008648
174,653.31,0.49007,0.37652,0.87801,0.99841,1,0.995,0.89034,0.56955,0.33355,0.93327,0.0008582,0.0008582,0.0008582
175,657.111,0.43789,0.35476,0.86695,0.99763,1,0.995,0.88185,0.56806,0.33826,0.93339,0.0008516,0.0008516,0.0008516
176,661.616,0.49138,0.36597,0.89123,1,0.99986,0.995,0.85133,0.63029,0.36465,0.96581,0.000845,0.000845,0.000845
177,665.159,0.52111,0.35876,0.87876,1,0.99919,0.995,0.83521,0.66605,0.36485,0.9824,0.0008384,0.0008384,0.0008384
178,668.766,0.51694,0.37271,0.88209,1,0.99793,0.995,0.82706,0.67072,0.35965,0.98086,0.0008318,0.0008318,0.0008318
179,672.326,0.49834,0.35741,0.88729,1,0.99282,0.995,0.81688,0.67166,0.37828,0.97917,0.0008252,0.0008252,0.0008252
180,676.135,0.515,0.3806,0.90484,0.95227,0.99769,0.99262,0.82804,0.6565,0.3886,0.96206,0.0008186,0.0008186,0.0008186
181,679.77,0.47464,0.34761,0.87361,0.95221,0.99631,0.99262,0.83558,0.62074,0.39083,0.95231,0.000812,0.000812,0.000812
182,683.434,0.49809,0.34174,0.89229,0.95224,0.99701,0.99262,0.86851,0.56676,0.38565,0.94213,0.0008054,0.0008054,0.0008054
183,687.097,0.46489,0.36942,0.85793,0.95119,1,0.99262,0.88027,0.54675,0.3694,0.93522,0.0007988,0.0007988,0.0007988
184,690.879,0.48765,0.33887,0.84616,0.9496,1,0.99262,0.89481,0.55549,0.37767,0.93013,0.0007922,0.0007922,0.0007922
185,694.45,0.51949,0.39079,0.88459,0.95071,1,0.99262,0.89842,0.57126,0.39555,0.92841,0.0007856,0.0007856,0.0007856
186,698.022,0.46596,0.34438,0.85666,0.95231,0.99843,0.99262,0.8913,0.58361,0.40211,0.92953,0.000779,0.000779,0.000779
187,701.71,0.49449,0.36807,0.86064,0.95072,1,0.99262,0.88343,0.57907,0.37427,0.93131,0.0007724,0.0007724,0.0007724
188,705.482,0.54118,0.39048,0.89184,0.95236,0.99947,0.99262,0.86032,0.57798,0.3627,0.92948,0.0007658,0.0007658,0.0007658
189,709.098,0.52306,0.36233,0.88337,0.95232,0.99876,0.99262,0.84673,0.60634,0.37633,0.93539,0.0007592,0.0007592,0.0007592
190,712.737,0.52714,0.37697,0.88335,0.95226,0.99752,0.99262,0.83862,0.63334,0.39056,0.94189,0.0007526,0.0007526,0.0007526
191,716.336,0.47783,0.32994,0.86601,0.95223,0.99677,0.99262,0.8322,0.65992,0.39932,0.94673,0.000746,0.000746,0.000746
192,720.039,0.4518,0.34871,0.84957,0.95224,0.99696,0.99262,0.86238,0.59837,0.40552,0.92757,0.0007394,0.0007394,0.0007394
193,723.661,0.47064,0.34315,0.88179,0.94806,0.95,0.99045,0.86603,0.58183,0.41666,0.92805,0.0007328,0.0007328,0.0007328
194,727.285,0.4634,0.3383,0.87492,0.95224,0.99706,0.99262,0.85452,0.60691,0.3947,0.94224,0.0007262,0.0007262,0.0007262
195,730.924,0.47759,0.3423,0.87175,0.95225,0.99725,0.99262,0.84866,0.62287,0.37385,0.95585,0.0007196,0.0007196,0.0007196
196,734.63,0.49439,0.33039,0.88269,0.95225,0.9973,0.99262,0.87639,0.5897,0.36002,0.93978,0.000713,0.000713,0.000713
197,738.394,0.48689,0.36397,0.89055,0.95223,0.99691,0.99262,0.87421,0.56991,0.35213,0.92971,0.0007064,0.0007064,0.0007064
198,741.942,0.45626,0.3227,0.86281,0.95222,0.99661,0.99262,0.88775,0.54794,0.34635,0.92321,0.0006998,0.0006998,0.0006998
199,745.489,0.47362,0.32812,0.85964,0.95231,0.99849,0.99262,0.8875,0.53301,0.347,0.91904,0.0006932,0.0006932,0.0006932
200,749.249,0.51132,0.37893,0.8794,0.95765,0.95,0.99262,0.90551,0.53161,0.34022,0.92261,0.0006866,0.0006866,0.0006866
201,752.881,0.50873,0.34417,0.89347,1,0.97893,0.995,0.89744,0.55397,0.3361,0.9266,0.00068,0.00068,0.00068
202,756.521,0.4828,0.34525,0.86937,0.94966,1,0.99262,0.89901,0.55792,0.33415,0.92779,0.0006734,0.0006734,0.0006734
203,760.217,0.47127,0.34247,0.87378,0.95,1,0.99262,0.89432,0.54024,0.33026,0.92182,0.0006668,0.0006668,0.0006668
204,763.833,0.45996,0.33721,0.85609,0.95152,1,0.98786,0.88779,0.52863,0.34544,0.92013,0.0006602,0.0006602,0.0006602
205,769.174,0.42322,0.31808,0.86377,0.9523,0.99835,0.98786,0.8842,0.54548,0.36154,0.93168,0.0006536,0.0006536,0.0006536
206,772.762,0.48197,0.32516,0.8684,0.95225,0.99728,0.97833,0.87282,0.55498,0.37291,0.9384,0.000647,0.000647,0.000647
207,776.324,0.43039,0.31581,0.83182,0.94744,0.95,0.96795,0.86189,0.56418,0.38052,0.94286,0.0006404,0.0006404,0.0006404
208,780.083,0.48094,0.3521,0.88672,0.94751,0.95,0.91768,0.82629,0.64606,0.36229,0.99417,0.0006338,0.0006338,0.0006338
209,783.641,0.49073,0.34189,0.87727,0.94751,0.95,0.91483,0.82273,0.63832,0.34638,0.98864,0.0006272,0.0006272,0.0006272
210,787.295,0.46124,0.3441,0.87303,0.94751,0.95,0.91466,0.81562,0.64181,0.35783,0.98517,0.0006206,0.0006206,0.0006206
211,790.882,0.47124,0.32202,0.84841,0.9475,0.95,0.91825,0.82541,0.64122,0.36619,0.98142,0.000614,0.000614,0.000614
212,794.547,0.49784,0.3292,0.88996,0.94743,0.95,0.93966,0.83245,0.66318,0.39241,0.98085,0.0006074,0.0006074,0.0006074
213,798.188,0.44556,0.31915,0.86541,0.9475,0.95,0.9445,0.82033,0.61949,0.41195,0.95787,0.0006008,0.0006008,0.0006008
214,801.745,0.44947,0.32588,0.86259,0.9475,0.95,0.94434,0.83628,0.59449,0.41712,0.94535,0.0005942,0.0005942,0.0005942
215,805.31,0.45546,0.31249,0.8521,0.94747,0.95,0.9445,0.83636,0.58191,0.4124,0.9382,0.0005876,0.0005876,0.0005876
216,809.026,0.43116,0.30154,0.81122,0.94746,0.95,0.95,0.84421,0.5795,0.39699,0.93199,0.000581,0.000581,0.000581
217,812.615,0.4423,0.29363,0.85968,0.94745,0.95,0.95239,0.83709,0.60933,0.40263,0.94506,0.0005744,0.0005744,0.0005744
218,816.232,0.48956,0.35072,0.89233,0.94799,0.95,0.95925,0.84691,0.62602,0.39514,0.96057,0.0005678,0.0005678,0.0005678
219,819.865,0.47929,0.32479,0.87163,0.94863,0.95,0.95925,0.85539,0.63134,0.34503,0.97225,0.0005612,0.0005612,0.0005612
220,824.101,0.43789,0.30173,0.86723,0.9492,0.95,0.95925,0.83294,0.63137,0.33354,0.97952,0.0005546,0.0005546,0.0005546
221,828.354,0.49734,0.34009,0.89198,0.9488,0.95,0.95925,0.84691,0.62937,0.33885,0.97915,0.000548,0.000548,0.000548
222,831.989,0.46377,0.32105,0.84292,0.94841,0.95,0.95925,0.8418,0.63147,0.34006,0.98041,0.0005414,0.0005414,0.0005414
223,835.617,0.50584,0.34118,0.8748,0.9482,0.95,0.95925,0.84911,0.64185,0.34309,0.9803,0.0005348,0.0005348,0.0005348
224,839.285,0.46067,0.32105,0.86901,0.95,0.95,0.971,0.8718,0.62832,0.36394,0.97564,0.0005282,0.0005282,0.0005282
225,842.873,0.47076,0.31305,0.88062,0.95,0.95,0.971,0.87459,0.60645,0.35617,0.97259,0.0005216,0.0005216,0.0005216
226,846.469,0.46609,0.315,0.86936,0.95,0.95,0.971,0.87554,0.58884,0.35013,0.96741,0.000515,0.000515,0.000515
227,849.986,0.47386,0.30009,0.85987,0.95,0.95,0.971,0.88188,0.58183,0.3488,0.9631,0.0005084,0.0005084,0.0005084
228,853.718,0.47071,0.30851,0.87247,0.95,0.95,0.971,0.87284,0.62055,0.34575,0.97174,0.0005018,0.0005018,0.0005018
229,857.337,0.41417,0.29029,0.84257,0.95,0.95,0.971,0.86461,0.64966,0.35097,0.97669,0.0004952,0.0004952,0.0004952
230,860.992,0.46361,0.308,0.85154,0.95,0.95,0.971,0.85632,0.66908,0.33985,0.98225,0.0004886,0.0004886,0.0004886
231,864.779,0.43446,0.29836,0.84744,0.95,0.95,0.971,0.85946,0.65281,0.33973,0.97652,0.000482,0.000482,0.000482
232,868.474,0.46485,0.31112,0.8672,0.95,0.95,0.971,0.88511,0.59017,0.31836,0.96128,0.0004754,0.0004754,0.0004754
233,872.093,0.44293,0.29832,0.87565,0.94743,0.95,0.96714,0.88824,0.57404,0.3152,0.95736,0.0004688,0.0004688,0.0004688
234,875.727,0.43011,0.28849,0.86231,0.94738,0.95,0.96714,0.87678,0.57471,0.32199,0.95773,0.0004622,0.0004622,0.0004622
235,879.503,0.44381,0.29353,0.85368,0.94743,0.95,0.96714,0.87076,0.58355,0.34099,0.96071,0.0004556,0.0004556,0.0004556
236,883.266,0.45041,0.34799,0.87819,0.94745,0.95,0.96714,0.87076,0.60536,0.34684,0.96563,0.000449,0.000449,0.000449
237,886.836,0.46319,0.30902,0.86384,0.94744,0.95,0.96714,0.87085,0.59208,0.34743,0.9608,0.0004424,0.0004424,0.0004424
238,890.487,0.46091,0.31589,0.86402,0.94743,0.95,0.96714,0.87913,0.57255,0.34355,0.95333,0.0004358,0.0004358,0.0004358
239,894.121,0.44875,0.29402,0.8721,0.94743,0.95,0.96714,0.87495,0.56544,0.33989,0.94997,0.0004292,0.0004292,0.0004292
240,897.901,0.42274,0.30118,0.86956,0.94744,0.95,0.9628,0.87165,0.58024,0.34676,0.95854,0.0004226,0.0004226,0.0004226
241,901.576,0.47313,0.32865,0.88558,0.94746,0.95,0.9628,0.86677,0.60099,0.34551,0.96524,0.000416,0.000416,0.000416
242,905.215,0.48361,0.29944,0.86712,0.94745,0.95,0.9628,0.85334,0.63275,0.34693,0.97684,0.0004094,0.0004094,0.0004094
243,908.82,0.44123,0.27933,0.87559,0.94749,0.95,0.9628,0.83598,0.6348,0.34116,0.97322,0.0004028,0.0004028,0.0004028
244,912.513,0.40283,0.27283,0.847,0.94749,0.95,0.9628,0.85612,0.63959,0.34058,0.97272,0.0003962,0.0003962,0.0003962
245,916.024,0.4343,0.32588,0.85541,0.94749,0.95,0.9628,0.84787,0.64278,0.34198,0.97091,0.0003896,0.0003896,0.0003896
246,919.716,0.43691,0.28665,0.83879,0.94749,0.95,0.96375,0.84239,0.65634,0.33997,0.96963,0.000383,0.000383,0.000383
247,923.386,0.46765,0.34977,0.87113,0.94751,0.95,0.96375,0.85179,0.65507,0.33345,0.96854,0.0003764,0.0003764,0.0003764
248,927.17,0.47484,0.31961,0.88482,0.94744,0.95,0.96591,0.85785,0.64043,0.34407,0.96569,0.0003698,0.0003698,0.0003698
249,930.7,0.48949,0.31137,0.87025,0.94745,0.95,0.96591,0.8591,0.64114,0.34436,0.96704,0.0003632,0.0003632,0.0003632
250,934.219,0.4286,0.29887,0.85298,0.94742,0.95,0.9628,0.85343,0.63911,0.34589,0.96984,0.0003566,0.0003566,0.0003566
251,937.837,0.43602,0.30816,0.85933,0.94738,0.95,0.96192,0.86172,0.62642,0.34509,0.9686,0.00035,0.00035,0.00035
252,941.545,0.44034,0.29494,0.84396,0.94744,0.95,0.9628,0.86566,0.57772,0.33818,0.95884,0.0003434,0.0003434,0.0003434
253,945.231,0.41716,0.27336,0.84362,0.94742,0.95,0.96111,0.8635,0.55195,0.33283,0.94992,0.0003368,0.0003368,0.0003368
254,948.871,0.42313,0.3145,0.83646,0.94745,0.95,0.96192,0.87258,0.54005,0.31529,0.94359,0.0003302,0.0003302,0.0003302
255,952.517,0.46157,0.28358,0.86707,0.94747,0.95,0.96192,0.87946,0.53963,0.30892,0.94394,0.0003236,0.0003236,0.0003236
256,956.212,0.45173,0.29735,0.85503,0.94745,0.95,0.96478,0.87383,0.55142,0.31181,0.94413,0.000317,0.000317,0.000317
257,959.837,0.41069,0.30579,0.85096,0.94744,0.95,0.96591,0.87858,0.5718,0.32798,0.94643,0.0003104,0.0003104,0.0003104
258,963.445,0.4338,0.29845,0.85654,0.94742,0.95,0.96714,0.87709,0.58976,0.33015,0.95034,0.0003038,0.0003038,0.0003038
259,967.015,0.45279,0.29955,0.86891,0.94743,0.95,0.96714,0.87156,0.61016,0.33799,0.95374,0.0002972,0.0002972,0.0002972
260,970.752,0.43445,0.2976,0.85556,0.94746,0.95,0.96591,0.87916,0.61548,0.35049,0.95218,0.0002906,0.0002906,0.0002906
261,974.387,0.40473,0.26611,0.86688,0.94749,0.95,0.96591,0.88533,0.59982,0.34425,0.9497,0.000284,0.000284,0.000284
262,978.112,0.40917,0.27111,0.83542,0.9475,0.95,0.96591,0.87121,0.58646,0.33514,0.95014,0.0002774,0.0002774,0.0002774
263,981.676,0.423,0.26608,0.85921,0.94752,0.95,0.96964,0.88234,0.57633,0.32073,0.94909,0.0002708,0.0002708,0.0002708
264,985.336,0.40288,0.29341,0.86534,0.94752,0.95,0.96464,0.86745,0.58001,0.33005,0.94888,0.0002642,0.0002642,0.0002642
265,988.927,0.42897,0.27294,0.84946,0.94753,0.95,0.96341,0.8697,0.58555,0.34014,0.95142,0.0002576,0.0002576,0.0002576
266,992.525,0.40015,0.2861,0.85304,0.94752,0.95,0.96091,0.86411,0.59743,0.35277,0.95402,0.000251,0.000251,0.000251
267,996.097,0.43786,0.31033,0.86887,0.94752,0.95,0.96091,0.86788,0.60111,0.36078,0.95686,0.0002444,0.0002444,0.0002444
268,999.764,0.38794,0.264,0.83264,0.94754,0.95,0.96091,0.8689,0.58778,0.35974,0.95484,0.0002378,0.0002378,0.0002378
269,1003.31,0.45922,0.31597,0.86141,0.94754,0.95,0.95841,0.87422,0.56984,0.34251,0.95134,0.0002312,0.0002312,0.0002312
270,1006.83,0.43125,0.33055,0.86003,0.94749,0.95,0.95591,0.87153,0.55783,0.33685,0.94971,0.0002246,0.0002246,0.0002246
271,1010.49,0.45835,0.29802,0.87396,0.94753,0.95,0.95591,0.87142,0.54913,0.32887,0.9487,0.000218,0.000218,0.000218
272,1014.28,0.42415,0.27454,0.84862,0.94749,0.95,0.94591,0.86566,0.55327,0.32679,0.95281,0.0002114,0.0002114,0.0002114
273,1017.91,0.42934,0.28231,0.87916,0.94745,0.95,0.94591,0.86361,0.56657,0.3278,0.95589,0.0002048,0.0002048,0.0002048
274,1021.57,0.44408,0.29938,0.85888,0.94745,0.95,0.94591,0.86341,0.57367,0.32882,0.95794,0.0001982,0.0001982,0.0001982
275,1025.11,0.3985,0.2606,0.84542,0.94747,0.95,0.94591,0.85931,0.58578,0.3299,0.96279,0.0001916,0.0001916,0.0001916
276,1028.77,0.40019,0.27108,0.84132,0.94751,0.95,0.95091,0.85561,0.60098,0.32129,0.97098,0.000185,0.000185,0.000185
277,1032.36,0.38988,0.26785,0.84881,0.94751,0.95,0.95341,0.85446,0.61056,0.32177,0.97464,0.0001784,0.0001784,0.0001784
278,1036.53,0.42074,0.2705,0.84881,0.94752,0.95,0.95591,0.85599,0.62442,0.32594,0.98129,0.0001718,0.0001718,0.0001718
279,1040.16,0.40576,0.28302,0.8725,0.94753,0.95,0.96091,0.86359,0.63619,0.33081,0.98698,0.0001652,0.0001652,0.0001652
280,1043.98,0.409,0.26845,0.81576,0.94755,0.95,0.96091,0.86359,0.63795,0.32629,0.98819,0.0001586,0.0001586,0.0001586
281,1047.64,0.43702,0.27597,0.85043,0.94753,0.95,0.95591,0.85851,0.63618,0.32413,0.98937,0.000152,0.000152,0.000152
282,1051.27,0.44535,0.28506,0.85735,0.94751,0.95,0.95591,0.85869,0.63359,0.3158,0.99009,0.0001454,0.0001454,0.0001454
283,1054.99,0.44237,0.27517,0.89328,0.94752,0.95,0.95591,0.85851,0.62873,0.32222,0.98836,0.0001388,0.0001388,0.0001388
284,1058.68,0.3643,0.24754,0.82709,0.94752,0.95,0.95341,0.85617,0.60956,0.31433,0.98172,0.0001322,0.0001322,0.0001322
285,1062.25,0.39815,0.2675,0.84893,0.94748,0.95,0.95091,0.85425,0.60187,0.31627,0.97935,0.0001256,0.0001256,0.0001256
286,1065.92,0.41185,0.26865,0.84838,0.9475,0.95,0.95091,0.85516,0.59688,0.31492,0.97738,0.000119,0.000119,0.000119
287,1069.54,0.39469,0.26734,0.83965,0.94749,0.95,0.95091,0.85459,0.59188,0.31372,0.97698,0.0001124,0.0001124,0.0001124
288,1073.21,0.43589,0.28315,0.8759,0.94748,0.95,0.94125,0.85873,0.58731,0.31778,0.97539,0.0001058,0.0001058,0.0001058
289,1076.89,0.39119,0.25766,0.84208,0.94748,0.95,0.94875,0.85954,0.59371,0.31412,0.97784,9.92E-05,9.92E-05,9.92E-05
290,1080.53,0.4028,0.27728,0.84787,0.94748,0.95,0.95125,0.8596,0.59512,0.31264,0.97794,9.26E-05,9.26E-05,9.26E-05
291,1093.55,0.35756,0.24064,0.79245,0.94749,0.95,0.95125,0.85596,0.60212,0.31388,0.98033,8.60E-05,8.60E-05,8.60E-05
292,1099.63,0.35839,0.24318,0.79279,0.9475,0.95,0.94625,0.85211,0.6077,0.31373,0.98369,7.94E-05,7.94E-05,7.94E-05
293,1103.38,0.34963,0.252,0.80894,0.94751,0.95,0.94625,0.85211,0.61002,0.31287,0.98461,7.28E-05,7.28E-05,7.28E-05
294,1107.06,0.36476,0.23414,0.81085,0.94751,0.95,0.95125,0.85669,0.61419,0.3124,0.98629,6.62E-05,6.62E-05,6.62E-05
295,1110.82,0.34724,0.22955,0.78394,0.94753,0.95,0.95228,0.85793,0.61077,0.31216,0.98358,5.96E-05,5.96E-05,5.96E-05
296,1114.7,0.37075,0.23484,0.8196,0.94753,0.95,0.95375,0.85927,0.607,0.30974,0.98313,5.30E-05,5.30E-05,5.30E-05
297,1118.42,0.3527,0.23361,0.82445,0.94754,0.95,0.94716,0.85391,0.60604,0.3101,0.98357,4.64E-05,4.64E-05,4.64E-05
298,1121.93,0.37115,0.23325,0.8143,0.94755,0.95,0.94716,0.85391,0.60417,0.3092,0.98395,3.98E-05,3.98E-05,3.98E-05
299,1125.34,0.34204,0.22236,0.78553,0.94752,0.95,0.94716,0.85391,0.60424,0.31017,0.98388,3.32E-05,3.32E-05,3.32E-05
300,1128.98,0.35884,0.23523,0.82426,0.94753,0.95,0.94966,0.85052,0.60253,0.30655,0.98297,2.66E-05,2.66E-05,2.66E-05
,,,,,,,,,,,,,,
,,,,,,,,,,,,,,
MAX,MAX,MIN,MIN,MIN,MAX,MAX,MAX,MAX,MIN,MIN,MIN,,,
300,1128.98,0.34204,0.22236,0.78394,1,1,0.995,0.90551,0.50377,0.30655,0.91323,,,
